New,281.1075744628906
Tesla,2529.9681701660156
Model,1405.5378723144531
3,562.2151489257812
feature,281.1075744628906
to,1686.6454467773438
be,562.2151489257812
added,281.1075744628906
S,281.1075744628906
and,281.1075744628906
X,281.1075744628906
Despite,281.1075744628906
People's,281.1075744628906
Doubts,281.1075744628906
About,281.1075744628906
Tesla's,281.1075744628906
Elon,281.1075744628906
"Musk,",281.1075744628906
He's,281.1075744628906
On,281.1075744628906
His,281.1075744628906
Game,281.1075744628906
bought,281.1075744628906
for,281.1075744628906
$100K,281.1075744628906
dismembered,281.1075744628906
by,281.1075744628906
competitors,281.1075744628906
is,281.1075744628906
moving,281.1075744628906
"1,500",281.1075744628906
employees,281.1075744628906
its,281.1075744628906
new,281.1075744628906
Fremont,281.1075744628906
offices,281.1075744628906
pushes,281.1075744628906
even,281.1075744628906
more,281.1075744628906
states,281.1075744628906
upend,281.1075744628906
auto,281.1075744628906
dealer-friendly,281.1075744628906
laws,281.1075744628906
Jaguar,281.1075744628906
I-Pace:,281.1075744628906
The,281.1075744628906
battery,281.1075744628906
on,562.2151489257812
this,281.1075744628906
competitor,281.1075744628906
will,562.2151489257812
charge,281.1075744628906
...,562.2151489257812
Bite,281.1075744628906
Squad,281.1075744628906
plans,281.1075744628906
swap,281.1075744628906
out,281.1075744628906
delivery,281.1075744628906
fleet,281.1075744628906
with,281.1075744628906
3s,281.1075744628906
Truck,281.1075744628906
Engine,281.1075744628906
Company,281.1075744628906
Cummins,281.1075744628906
Challenges,281.1075744628906
By,281.1075744628906
keeps,281.1075744628906
autonomous,281.1075744628906
driving,281.1075744628906
test,281.1075744628906
program,281.1075744628906
"opaque,",281.1075744628906
says,281.1075744628906
no,281.1075744628906
testing,281.1075744628906
California,281.1075744628906
public,281.1075744628906
roads,281.1075744628906
Semi,281.1075744628906
power,281.1075744628906
US-based,281.1075744628906
mobile,281.1075744628906
television,281.1075744628906
provider,281.1075744628906
MTVG,281.1075744628906
